AAA,AAT,AAG,AAC,ATA,ATT,ATG,ATC,AGA,AGT,AGG,AGC,ACA,ACT,ACG,ACC,TAA,TAT,TAG,TAC,TTA,TTT,TTG,TTC,TGA,TGT,TGG,TGC,TCA,TCT,TCG,TCC,GAA,GAT,GAG,GAC,GTA,GTT,GTG,GTC,GGA,GGT,GGG,GGC,GCA,GCT,GCG,GCC,CAA,CAT,CAG,CAC,CTA,CTT,CTG,CTC,CGA,CGT,CGG,CGC,CCA,CCT,CCG,CCC
0.023475272801697672,0.01788609653894628,0.013660013141878426,0.017798843083817177,0.013728092380942122,0.017972919112815487,0.016434242133724,0.018640569625025583,0.012206650652246508,0.01072721984639083,0.010912714228776405,0.017431085928495255,0.012638609115293053,0.010747471265605981,0.015789212887658482,0.0161440436051835,0.014834810896987063,0.013637607316363792,0.005871618928613747,0.011334546982215376,0.014832010168797734,0.023668738487391337,0.016588497624767055,0.01807094459944201,0.017996186700849914,0.01258108646709683,0.01835123285900488,0.020525028815184254,0.018118772419290555,0.011953292471427186,0.015459804164467376,0.01207566274923788,0.017995755819590016,0.01865435782534228,0.009156873094696929,0.011798390658494286,0.011351135910721403,0.017800135727596866,0.014249674146047202,0.011687007852810962,0.012112503096959056,0.016012840261544925,0.01023666153199832,0.01986125623431323,0.020697596759772927,0.017306992125644974,0.024704577036183253,0.02004201092283994,0.016514386048064805,0.016597761571854837,0.022588950050089946,0.01438755614921418,0.005767345663718721,0.013718397552594444,0.022181120937597623,0.009209225167774391,0.015290036948068035,0.01576680706214385,0.018722652505035926,0.024933805866448354,0.018633675524867235,0.010868333459007035,0.01875970829338705,0.010299570195943252
